{
    "parent": "item/generated",
    "textures": {
        "layer0": "item/elytra"
    },
    "overrides": [
        {"predicate": {"custom_model_data": 1}, "model":"item/leather_elytra"},
        {"predicate": {"custom_model_data": 2}, "model":"item/chainmail_elytra"},
        {"predicate": {"custom_model_data": 3}, "model":"item/iron_elytra"},
        {"predicate": {"custom_model_data": 4}, "model":"item/golden_elytra"},
        {"predicate": {"custom_model_data": 5}, "model":"item/diamond_elytra"},
        {"predicate": {"custom_model_data": 6}, "model":"item/netherite_elytra"}
    ]
}
