{
  "custom.scream1": {
    "sounds": ["custom/horror/scream1"]
  },
  "custom.scream2": {
    "sounds": ["custom/horror/scream2"]
  },
  "custom.scream3": {
    "sounds": ["custom/horror/scream3"]
  },
  "custom.scream4": {
    "sounds": ["custom/horror/scream4"]
  },
  "custom.scream5": {
    "sounds": ["custom/horror/scream5"]
  },
  "custom.proverka": {
    "sounds": ["custom/proverka/proverka"]
  },
  "custom.test": {
    "sounds": ["custom/test"]
  },
  "custom.music": {
    "sounds": ["custom/music"]
  }
}
