{
	"credit": "Made with Blockbench",
	"textures": {
		"particle": "block/item_frame",
		"wood": "block/item_frame"
	},
	"elements": [
		{
			"from": [7, 7, 15],
			"to": [9, 9, 15.5],
			"rotation": {"angle": 0, "axis": "y", "origin": [8, 8, 7.5]},
			"faces": {
				"north": {"uv": [0, 0, 10, 10], "texture": "#wood"},
				"east": {"uv": [6, 5, 8, 7], "texture": "#wood"},
				"south": {"uv": [6, 5, 8, 7], "texture": "#wood"},
				"west": {"uv": [6, 5, 8, 7], "texture": "#wood"},
				"up": {"uv": [6, 5, 8, 7], "texture": "#wood"},
				"down": {"uv": [6, 5, 8, 7], "texture": "#wood"}
			}
		},
		{
			"from": [7.5, 7.5, 15.5],
			"to": [8.5, 8.5, 16.5],
			"faces": {
				"north": {"uv": [0, 0, 2, 2], "texture": "#wood"},
				"east": {"uv": [0, 0, 8, 6], "texture": "#wood"},
				"south": {"uv": [6, 5, 8, 7], "texture": "#wood"},
				"west": {"uv": [0, 0, 8, 6], "texture": "#wood"},
				"up": {"uv": [0, 0, 8, 6], "texture": "#wood"},
				"down": {"uv": [0, 0, 8, 6], "texture": "#wood"}
			}
		}
	],
	"display": {}
}