{
    "providers": [
        {
            "type": "bitmap",
            "file": "minecraft:font/title_vanilla_plus.png",
            "ascent": 65,
            "height": 100,
            "chars": [
                    "\u00DF"
                ]
        },
		{
            "type": "bitmap",
            "file": "minecraft:font/title_vanilla.png",
            "ascent": 65,
            "height": 100,
            "chars": [
                    "\u00DD"
                ]
        }
    ]
}