{
    "providers": [
        {
            "type": "bitmap",
            "file": "minecraft:font/title_vanilla_plus.png",
            "ascent": 65,
            "height": 100,
            "chars": ["\u00DF"]
        },
		{
            "type": "bitmap",
            "file": "minecraft:font/title_vanilla.png",
            "ascent": 65,
            "height": 100,
            "chars": ["\u00DD"]
        },
		{
            "type": "bitmap",
            "file": "minecraft:font/title_islands.png",
            "ascent": 65,
            "height": 100,
            "chars": ["\u00F5"]
        },
		{
            "type": "bitmap",
            "file": "minecraft:font/proverka.png",
            "ascent": 50,
            "height": 100,
            "chars": ["\u00F8"]
        },
		{
            "type": "bitmap",
            "file": "minecraft:font/none.png",
            "ascent": 50,
            "height": 100,
            "chars": ["\u00A5"]
        }
    ]
}